users,roles
Colorado,dps
Florida,dps
Nevada,dps
Florida,dps
Florida,dps
Georgia,dps
Florida,dps
Kansas,dps
California,dps
California,dps
Texas,tank
Pennsylvania,dps
Texas,dps
California,dps
Maryland,dps
New Mexico,dps
California,dps
California,dps
Maryland,dps
Texas,dps
New York,dps
North Carolina,dps
Oregon,dps
District of Columbia,dps
Georgia,dps
Pennsylvania,dps
Oregon,dps
District of Columbia,dps
Michigan,dps
Michigan,dps
Florida,dps
Arizona,dps
California,dps
Florida,dps
Missouri,healer
Florida,healer
Indiana,dps
West Virginia,dps
New York,dps
Connecticut,tank
Pennsylvania,dps
Texas,dps
Pennsylvania,dps
Minnesota,dps
Texas,dps
West Virginia,dps
Oklahoma,dps
Georgia,dps
Tennessee,dps
Texas,dps
California,dps
New Jersey,dps
New York,dps
District of Columbia,tank
Texas,dps
Massachusetts,dps
Ohio,dps
Missouri,dps
Minnesota,dps
Texas,dps
South Dakota,dps
West Virginia,dps
Virginia,dps
Florida,dps
Texas,dps
New York,dps
California,dps
Indiana,dps
Florida,dps
California,dps
Oregon,dps
Arizona,dps
Florida,dps
New York,tank
Arizona,dps
Florida,dps
Nebraska,dps
Oregon,dps
Montana,tank
Kentucky,dps
Washington,dps
Texas,dps
Florida,dps
Florida,tank
Louisiana,dps
Nevada,dps
Alabama,dps
Ohio,dps
Alabama,dps
Pennsylvania,dps
Indiana,tank
Connecticut,dps
Ohio,healer
North Carolina,dps
Colorado,dps
Texas,dps
Ohio,dps
California,dps
Texas,dps
Missouri,dps
Florida,dps
Washington,dps
Virginia,dps
New York,dps
Nevada,dps
Ohio,dps
Alaska,tank
California,dps
Colorado,dps
Texas,dps
New Mexico,dps
Texas,dps
Ohio,dps
Texas,dps
Ohio,dps
Florida,dps
New York,dps
North Carolina,dps
South Dakota,dps
California,dps
Missouri,dps
Oklahoma,healer
Oklahoma,dps
West Virginia,dps
Texas,dps
Florida,tank
Nevada,dps
New Jersey,dps
Mississippi,dps
Nevada,dps
Illinois,dps
Louisiana,dps
Massachusetts,dps
Missouri,dps
District of Columbia,dps
Texas,dps
Ohio,healer
Minnesota,dps
Mississippi,dps
Tennessee,dps
Minnesota,dps
Iowa,dps
California,dps
California,dps
Ohio,dps
Alabama,dps
New York,dps
Colorado,dps
New York,dps
California,dps
Arizona,tank
Louisiana,dps
California,dps
Maryland,dps
Minnesota,dps
California,dps
Texas,dps
Louisiana,tank
Texas,dps
Tennessee,dps
New York,tank
Virginia,dps
Arizona,dps
California,dps
Alaska,dps
Arkansas,dps
South Carolina,dps
Oregon,healer
New York,dps
North Carolina,dps
Arizona,healer
Arizona,dps
Georgia,dps
North Dakota,dps
Florida,dps
California,dps
Illinois,dps
Kentucky,dps
Texas,dps
Florida,dps
Arizona,dps
Oklahoma,dps
Nevada,dps
Mississippi,dps
Kansas,dps
New Jersey,dps
District of Columbia,dps
Nevada,dps
Rhode Island,dps
Texas,dps
Michigan,dps
Alabama,dps
Kansas,dps
Colorado,dps
Florida,dps
Texas,dps
Massachusetts,dps
California,dps
Maryland,dps
Arizona,dps
Georgia,dps
Texas,dps
Michigan,dps
New York,dps
Georgia,dps
California,dps
Kentucky,dps
Iowa,dps
Kansas,dps
New York,tank
Michigan,dps
Florida,dps
Alabama,dps
Indiana,dps
New York,dps
Connecticut,dps
New York,dps
California,dps
Minnesota,dps
California,dps
Texas,dps
Louisiana,dps
Georgia,dps
New York,dps
California,dps
District of Columbia,dps
Massachusetts,dps
Montana,dps
Washington,dps
California,dps
Kentucky,dps
Florida,dps
Nevada,dps
Nebraska,dps
Ohio,dps
Pennsylvania,dps
Michigan,dps
Alabama,dps
Minnesota,dps
Pennsylvania,dps
Florida,dps
New York,dps
Arizona,dps
Iowa,dps
Florida,healer
Washington,dps
Texas,dps
California,tank
Florida,tank
Washington,dps
Ohio,dps
Florida,dps
Connecticut,dps
West Virginia,dps
Washington,dps
New York,dps
California,dps
California,dps
Louisiana,dps
Utah,healer
Louisiana,dps
Missouri,dps
Louisiana,dps
Nevada,dps
Ohio,dps
Delaware,dps
Massachusetts,dps
Arizona,dps
District of Columbia,dps
Arizona,healer
California,healer
Indiana,dps
North Carolina,dps
Pennsylvania,dps
Massachusetts,dps
California,dps
California,dps
Oklahoma,dps
California,tank
Pennsylvania,tank
Texas,dps
California,dps
New York,dps
Utah,dps
New York,dps
California,dps
California,tank
Florida,tank
Colorado,dps
North Carolina,dps
Nebraska,dps
California,tank
Georgia,dps
Texas,dps
Oklahoma,dps
California,dps
Ohio,dps
Kentucky,tank
Texas,dps
Arizona,dps
Texas,dps
Indiana,tank
Minnesota,dps
Colorado,healer
Ohio,dps
Louisiana,dps
Missouri,dps
Tennessee,dps
New York,dps
Texas,dps
New York,dps
Florida,dps
Texas,dps
Kentucky,dps
Florida,dps
New Jersey,dps
Utah,dps
Oregon,dps
New York,dps
Kansas,tank
Maryland,dps
California,dps
Florida,dps
Texas,dps
Michigan,dps
District of Columbia,dps
Idaho,dps
Texas,dps
Washington,dps
Oklahoma,healer
North Carolina,dps
West Virginia,dps
California,dps
California,dps
New York,dps
Arkansas,dps
New Jersey,healer
Illinois,dps
Colorado,dps
Hawaii,dps
California,dps
Oklahoma,dps
Connecticut,dps
Arizona,dps
Minnesota,dps
Texas,dps
Texas,dps
Pennsylvania,dps
New York,dps
West Virginia,dps
New York,dps
Kansas,dps
Ohio,healer
Louisiana,dps
Texas,dps
Florida,dps
California,dps
California,healer
California,dps
Florida,dps
Texas,dps
Idaho,dps
Louisiana,dps
Arizona,dps
Virginia,dps
Florida,dps
Tennessee,dps
New York,dps
California,dps
District of Columbia,dps
District of Columbia,dps
Florida,dps
Alabama,dps
Texas,tank
Ohio,dps
California,dps
Virginia,healer
Tennessee,dps
South Carolina,dps
Minnesota,dps
Florida,dps
Arizona,healer
Virginia,dps
Minnesota,dps
Georgia,dps
California,dps
Illinois,dps
Florida,dps
Washington,dps
New York,dps
Minnesota,dps
Texas,dps
Texas,dps
Michigan,dps
California,dps
Louisiana,dps
Massachusetts,dps
Texas,dps
Alabama,dps
Texas,dps
Florida,dps
Georgia,dps
California,healer
Tennessee,dps
New York,dps
New York,dps
California,dps
District of Columbia,dps
Georgia,dps
Alabama,dps
New York,dps
Texas,dps
Florida,dps
Florida,dps
Alabama,dps
Michigan,dps
Florida,dps
District of Columbia,dps
Pennsylvania,dps
Massachusetts,dps
Georgia,tank
Virginia,dps
Indiana,tank
District of Columbia,dps
Kansas,tank
California,dps
New York,dps
Michigan,dps
Arizona,dps
Ohio,dps
Illinois,dps
Illinois,dps
Texas,dps
District of Columbia,dps
Indiana,dps
Florida,dps
Michigan,dps
West Virginia,dps
Idaho,dps
Kansas,dps
Florida,dps
New York,dps
Texas,dps
Georgia,dps
Arizona,dps
South Carolina,tank
Kansas,dps
Texas,dps
Florida,dps
California,dps
California,dps
Pennsylvania,dps
Georgia,healer
Nevada,tank
New Jersey,dps
Florida,dps
Missouri,dps
North Carolina,tank
Arizona,dps
Ohio,dps
Florida,dps
Virginia,tank
North Carolina,dps
Michigan,dps
California,dps
Texas,dps
Texas,dps
California,dps
Texas,dps
Texas,dps
Kansas,dps
California,dps
North Dakota,dps
Texas,dps
Ohio,dps
North Dakota,dps
Minnesota,healer
Arizona,dps
District of Columbia,dps
Iowa,dps
Florida,dps
District of Columbia,dps
Virginia,dps
Georgia,dps
Illinois,dps
Florida,dps
New York,dps
California,dps
Florida,dps
Florida,dps
North Carolina,dps
New York,dps
District of Columbia,healer
Texas,dps
Georgia,dps
Oklahoma,dps
Florida,dps
Florida,dps
Alabama,dps
Louisiana,dps
California,dps
Utah,dps
Missouri,healer
Pennsylvania,dps
Arizona,dps
Oklahoma,dps
California,dps
South Carolina,dps
Connecticut,dps
Indiana,dps
Texas,dps
South Carolina,healer
New York,dps
Kansas,dps
Tennessee,dps
New York,tank
Indiana,dps
Texas,dps
California,dps
New York,dps
Texas,dps
North Carolina,dps
Florida,dps
Oklahoma,healer
Virginia,dps
Ohio,dps
Florida,dps
California,dps
Ohio,tank
Illinois,dps
Virginia,dps
North Carolina,healer
California,dps
Alaska,dps
Kansas,dps
California,dps
New York,dps
Georgia,dps
Wisconsin,dps
Massachusetts,tank
Pennsylvania,dps
Indiana,dps
Maryland,dps
Florida,tank
Maryland,dps
Texas,dps
Missouri,dps
California,dps
Florida,dps
Missouri,dps
Massachusetts,dps
Virginia,dps
California,dps
Ohio,dps
Washington,dps
Missouri,dps
District of Columbia,tank
Colorado,dps
Florida,dps
Pennsylvania,dps
Texas,dps
North Carolina,dps
Florida,dps
Nebraska,dps
Arizona,dps
Texas,dps
Virginia,dps
Montana,dps
California,dps
South Carolina,dps
Hawaii,dps
Florida,tank
Missouri,dps
Ohio,dps
New Hampshire,dps
Florida,dps
Maryland,dps
Florida,dps
Tennessee,dps
Kentucky,dps
Utah,dps
California,dps
California,dps
Virginia,dps
North Carolina,dps
Arizona,dps
California,dps
North Carolina,dps
Hawaii,dps
Arizona,dps
Tennessee,dps
Nebraska,dps
Kansas,dps
Ohio,dps
North Carolina,dps
New Mexico,dps
Nebraska,dps
Florida,dps
Nevada,dps
California,healer
Missouri,dps
South Carolina,dps
California,dps
New York,dps
Iowa,dps
Arizona,dps
Louisiana,dps
Ohio,dps
Texas,tank
Wisconsin,dps
Arizona,dps
Texas,dps
California,healer
Georgia,dps
Connecticut,dps
North Carolina,tank
New York,dps
Texas,dps
Florida,dps
Virginia,dps
California,dps
Texas,healer
Connecticut,dps
Arkansas,dps
North Carolina,dps
District of Columbia,healer
Pennsylvania,dps
Minnesota,dps
Mississippi,dps
California,dps
New York,dps
Pennsylvania,dps
Nebraska,dps
Washington,dps
West Virginia,dps
New York,dps
Texas,dps
Florida,dps
California,dps
Arizona,dps
California,dps
Virginia,dps
New York,dps
Virginia,dps
Michigan,dps
Indiana,dps
Kentucky,dps
Alabama,dps
New York,dps
West Virginia,dps
Washington,dps
Iowa,dps
Kansas,dps
Florida,dps
Minnesota,dps
Texas,dps
California,dps
Oklahoma,dps
California,dps
Texas,dps
New York,dps
Texas,dps
Louisiana,dps
Virginia,dps
Indiana,dps
New York,healer
New York,dps
Texas,tank
Nebraska,dps
Florida,dps
Missouri,dps
Nebraska,dps
Texas,dps
Alaska,dps
California,tank
Indiana,dps
New York,dps
Colorado,dps
California,dps
Missouri,dps
West Virginia,dps
Indiana,dps
Illinois,dps
Texas,dps
Arizona,dps
North Carolina,dps
Florida,dps
New York,dps
Alabama,dps
Ohio,dps
Virginia,dps
Ohio,dps
Illinois,dps
Arizona,dps
New York,dps
California,dps
Maryland,dps
Oregon,dps
New Jersey,dps
Tennessee,dps
Missouri,dps
New York,dps
Virginia,dps
Tennessee,dps
New York,dps
Florida,dps
California,dps
Louisiana,tank
Arizona,dps
Virginia,dps
Texas,dps
Hawaii,dps
New York,dps
Texas,dps
Connecticut,dps
Missouri,dps
Virginia,dps
Texas,dps
Kansas,dps
Alabama,dps
California,healer
Tennessee,dps
Massachusetts,dps
Texas,healer
California,dps
California,dps
Michigan,dps
District of Columbia,dps
Montana,dps
Texas,dps
Texas,dps
North Carolina,dps
Iowa,dps
Oregon,dps
California,dps
Michigan,dps
Florida,dps
Alabama,dps
Kansas,dps
Missouri,dps
Texas,tank
Florida,dps
District of Columbia,dps
District of Columbia,dps
Florida,dps
New York,dps
Texas,dps
Florida,dps
New York,dps
Minnesota,dps
Georgia,dps
Pennsylvania,dps
Texas,dps
Washington,dps
New Mexico,dps
Alabama,dps
Delaware,dps
Pennsylvania,dps
Texas,dps
Ohio,dps
Delaware,tank
Florida,dps
Colorado,dps
California,dps
Alabama,dps
New York,tank
Missouri,dps
California,dps
Ohio,dps
Texas,dps
Texas,dps
Missouri,dps
Georgia,dps
Florida,dps
Florida,dps
Texas,dps
Kansas,dps
District of Columbia,dps
Virginia,dps
Virginia,healer
Florida,dps
Pennsylvania,dps
North Carolina,dps
Colorado,dps
District of Columbia,dps
Texas,dps
California,dps
California,dps
Washington,dps
Pennsylvania,dps
California,dps
Missouri,dps
Illinois,dps
Florida,dps
Texas,dps
Georgia,dps
North Carolina,dps
California,dps
Kansas,dps
New York,dps
Indiana,dps
Oregon,dps
Nevada,dps
California,dps
Florida,dps
Virginia,dps
Florida,dps
South Carolina,dps
California,dps
Texas,dps
Michigan,dps
California,dps
South Carolina,dps
Illinois,dps
Virginia,dps
Oklahoma,dps
Illinois,dps
Florida,dps
Texas,dps
Florida,dps
Alabama,dps
Maryland,dps
California,dps
Colorado,dps
Alabama,dps
Massachusetts,dps
New York,dps
New Jersey,dps
Missouri,healer
Florida,dps
South Dakota,dps
Florida,dps
Georgia,dps
Ohio,dps
New York,dps
Arkansas,dps
Louisiana,dps
Illinois,healer
Illinois,dps
Michigan,dps
Florida,dps
Tennessee,dps
Texas,dps
Michigan,dps
New York,dps
Tennessee,dps
Iowa,dps
Kansas,dps
Utah,dps
Kentucky,dps
Georgia,dps
Georgia,dps
California,dps
Pennsylvania,dps
South Carolina,dps
New York,dps
Colorado,healer
Florida,dps
Texas,dps
Texas,dps
Delaware,dps
Texas,dps
Florida,dps
Arizona,dps
District of Columbia,dps
New York,dps
New York,dps
New York,dps
Tennessee,dps
Texas,dps
Pennsylvania,dps
Colorado,dps
Indiana,dps
Georgia,dps
Georgia,dps
California,dps
Rhode Island,tank
California,dps
Florida,dps
Florida,dps
Michigan,dps
Pennsylvania,dps
Texas,dps
Missouri,tank
Texas,dps
Texas,dps
Texas,dps
California,dps
New Mexico,dps
Nebraska,dps
Texas,dps
Washington,dps
Wisconsin,dps
Texas,dps
Washington,dps
California,dps
Arkansas,dps
District of Columbia,dps
Pennsylvania,dps
New Jersey,dps
Connecticut,dps
Texas,dps
Missouri,dps
Florida,dps
Florida,dps
Virginia,dps
California,dps
Michigan,dps
Florida,dps
Colorado,dps
Pennsylvania,dps
New Jersey,dps
South Dakota,dps
Florida,dps
Oregon,dps
District of Columbia,tank
Georgia,dps
Maryland,dps
District of Columbia,dps
Texas,dps
Florida,dps
New York,dps
Maryland,dps
Colorado,dps
Arizona,dps
Nevada,dps
Arizona,dps
Colorado,dps
California,dps
California,dps
New York,dps
Ohio,dps
Connecticut,dps
Arizona,dps
South Carolina,dps
Mississippi,dps
Georgia,dps
Florida,dps
Arkansas,dps
Florida,dps
Florida,dps
California,tank
Tennessee,dps
Arizona,dps
California,dps
California,dps
Iowa,dps
California,dps
Illinois,dps
California,healer
Tennessee,dps
Texas,dps
Ohio,dps
Arizona,dps
Missouri,dps
Alaska,dps
Arizona,dps
Kentucky,healer
New Jersey,dps
Indiana,dps
California,dps
District of Columbia,dps
Ohio,tank
Florida,dps
California,dps
Michigan,dps
Illinois,dps
New York,dps
Texas,dps
Oklahoma,dps
Ohio,dps
Florida,dps
California,dps
California,dps
Wisconsin,dps
Washington,dps
Tennessee,dps
Connecticut,dps
Florida,tank
California,dps
Texas,dps
Arizona,dps
Colorado,dps
Virginia,dps
Alabama,dps
Virginia,dps
Indiana,tank
California,dps
New York,dps
California,dps
Arizona,dps
Michigan,dps
Colorado,dps
South Carolina,dps
Montana,dps
Iowa,dps
Texas,dps
Michigan,dps
Michigan,dps
Nevada,dps
